node_id,swc_type,x,y,z,r,parent,type,post_post,post_pre,pre_post,pre_pre
1,1,724748.0,275601.75,242456.56,1145,-1,,0.3604285921399446,0.5547108097023536,0.5547108097023536,0.3604285921399446
2,6,697556.0,266771.84,206129.83,20,5,,,,,
5,0,697814.9,266506.38,206228.5,145,9,post,,,,
9,0,698073.2,265982.66,206005.38,101,55,post,1.0,,,
10,0,698316.75,267693.84,204298.47,115,21,"post,pre",,,,
11,6,698318.25,267801.38,204237.75,0,10,,,,,
21,0,698425.3,266889.5,204855.72,140,44,post,1.0,0.0,0.0,1.0
27,6,698629.1,264419.62,206938.75,88,43,post,,,,
43,0,699200.1,264569.38,205773.06,96,67,post,,,,
44,0,699058.8,266120.7,204931.47,141,51,post,-0.0606601717798211,0.397747564417433,0.397747564417433,1.0
51,0,699532.5,265480.0,204793.2,194,81,post,-0.1547005383792514,0.6254627916220945,0.6254627916220945,1.0
52,0,699729.75,268376.7,205043.84,144,104,post,1.0,,,
55,0,699674.4,265052.84,205506.98,129,62,post,1.0,,,
58,0,699634.9,268598.88,204910.2,207,52,post,,,,
62,5,699790.44,264352.7,205602.31,297,71,,1.0,,,
67,0,699436.56,264137.06,205726.39,86,62,post,1.0,,,
70,6,700106.0,268766.28,204583.19,64,58,,,,,
71,0,699943.5,264202.88,205503.83,201,81,pre,1.0,,,
75,6,699859.9,267734.84,206060.72,53,118,,,,,
81,5,700448.1,264310.5,205016.36,409,88,,0.3393435521023348,0.466588616327726,0.466588616327726,0.3393435521023348
87,6,700717.44,263680.25,206512.28,0,124,,,,,
88,0,700612.6,263488.44,205236.64,256,97,post,0.2732779073125683,0.5431490640658668,0.5431490640658668,0.2732779073125683
97,0,700846.1,263461.44,205048.1,154,158,post,0.1963972998903912,0.6269177314471166,0.6269177314471166,0.1963972998903912
104,0,700967.94,266770.56,204665.42,154,145,post,1.0,,,
110,6,701044.0,264532.06,207187.89,64,160,,,,,
116,0,701521.0,266818.34,206321.78,150,118,post,1.0,,,
118,5,701337.3,267021.66,206529.2,193,144,,1.0,,,
120,6,701291.1,262065.78,205067.03,54,128,,,,,
123,0,701797.56,263408.6,204913.8,254,158,pre,1.0,1.0,1.0,1.0
124,5,701817.44,263371.28,205585.62,218,158,post,1.0,,,
128,0,701355.1,262182.34,205044.16,83,185,post,,,,
137,0,701525.44,267375.44,204812.78,133,116,post,,,,
138,6,701412.2,267397.22,204692.58,56,137,,,,,
140,6,701408.1,263405.47,204719.67,120,153,post,,,,
143,6,701486.56,265635.34,205757.47,0,152,,,,,
144,0,701322.06,266990.25,206618.03,116,165,post,1.0,,,
145,0,701445.44,266733.28,204363.25,64,234,post,1.0,,,
146,6,701743.9,262927.16,206186.0,0,159,,,,,
152,0,701707.2,265513.62,205549.02,153,163,post,,,,
153,0,701657.9,263439.5,204887.5,231,123,pre,,,,
154,6,701572.56,262647.2,205221.9,98,158,post,,,,
155,0,701881.9,263205.0,205944.16,104,124,post,1.0,,,
157,6,701997.44,263218.9,204996.34,0,168,,,,,
158,5,701864.6,263336.22,205102.64,431,168,post,0.2434210526315789,0.6392501027960527,0.6392501027960527,0.2434210526315789
159,0,701744.9,263036.2,206148.44,115,155,post,,,,
160,0,701483.25,264522.25,207300.64,118,475,post,,,,
163,0,701850.25,265374.1,205570.88,180,164,post,1.0,,,
164,0,701851.06,265238.62,205611.95,148,172,pre,1.0,,,
165,0,701714.44,266789.97,206888.69,124,247,post,1.0,,,
168,5,702078.06,263341.34,205108.77,476,185,,0.1897734798904141,0.6896899800440404,0.6896899800440404,0.1897734798904141
172,0,702017.0,264746.22,205665.75,123,196,post,0.5285954792089683,0.4124789556921526,0.4124789556921526,1.0
179,6,702093.7,269621.5,202436.23,87,360,,,,,
180,6,702049.2,268030.75,204096.38,0,192,,,,,
185,5,702275.6,263391.28,205097.08,455,231,,0.1240490161305825,0.7168712137194345,0.7168712137194345,0.1240490161305825
189,6,702059.2,259925.69,205853.39,54,206,,,,,
192,0,702110.5,267978.84,204120.16,118,271,post,,,,
196,0,702148.0,264012.06,206079.97,102,200,post,0.2783121635129677,0.6540296018163729,0.6540296018163729,1.0
200,0,702232.2,263867.5,206088.3,105,203,post,0.0999999999999998,0.8343750000000001,0.8343750000000001,1.0
203,5,702386.25,263721.0,206054.98,153,230,,-0.0497813183356476,0.9882706942144184,0.9882706942144184,1.0
206,0,702143.4,259919.67,205691.05,71,239,post,,,,
219,0,702735.9,263348.38,206291.6,68,203,post,,,,
230,0,702417.2,263808.22,205735.38,70,231,post,-0.1481983169296148,1.035172545106856,1.035172545106856,1.0
231,5,702600.06,263634.53,205342.17,375,270,post,0.1141568349400118,0.7309693444361678,0.7309693444361678,0.1141568349400118
233,6,702606.25,271994.34,201987.2,0,254,,,,,
234,0,702421.44,265072.12,205185.88,153,386,post,1.0,,,
236,6,702776.75,263311.22,206375.66,44,219,,,,,
239,0,702526.7,260001.77,205343.03,54,289,post,1.0,,,
243,6,702443.75,273979.6,222794.38,127,334,,,,,
247,5,702464.44,266897.75,206711.05,237,257,,1.0,,,
250,6,702775.25,267393.16,206015.34,92,247,,,,,
252,0,702676.75,265183.03,204045.77,78,339,post,1.0,,,
254,0,702662.0,271693.47,202258.73,70,331,post,,,,
257,0,702597.2,266848.5,206772.3,198,284,post,1.0,,,
261,0,703022.25,270150.2,203218.5,139,327,post,1.0,,,
264,6,702842.3,259357.08,207002.66,77,333,,,,,
269,6,702544.4,263437.0,204574.77,0,270,,,,,
270,5,702928.3,263456.34,205066.4,392,350,,0.0852637406102104,0.7523340970486959,0.7523340970486959,0.0852637406102104
271,5,702985.06,267895.88,204237.92,248,273,,1.0,,,
273,5,703048.25,267480.22,204512.8,267,276,,1.0,,,
274,0,703329.4,266761.7,204506.23,87,276,post,,,,
276,5,702944.25,267191.03,204668.53,302,283,,1.0,,,
283,0,702922.3,267113.22,204703.56,213,411,post,1.0,,,
284,0,702864.0,266772.44,206786.44,168,475,post,1.0,,,
288,0,703477.2,267482.12,204498.5,129,273,post,,,,
289,0,702905.6,260260.17,205367.44,212,332,post,1.0,,,
295,6,703757.6,267652.5,204513.12,56,288,post,,,,
304,0,703284.06,266142.56,203117.05,204,252,post,1.0,,,
305,5,703258.44,270528.78,202621.69,200,261,,1.0,,,
310,6,702894.2,263136.8,206392.38,48,405,,,,,
322,0,703136.8,269665.03,203853.58,147,387,post,1.0,,,
327,5,703056.8,269775.2,203854.77,213,322,,1.0,,,
328,0,703377.56,266266.56,203085.84,270,304,post,1.0,,,
331,0,703045.4,270813.0,202449.7,112,305,post,1.0,,,
332,0,703115.56,260449.8,205145.39,131,371,post,1.0,,,
333,0,703031.7,258910.25,206725.9,71,421,post,,,,
334,0,702892.5,273855.34,222907.72,280,417,post,,,,
335,5,703512.4,269995.66,204252.55,184,327,post,1.0,,,
336,0,702991.4,262829.72,205425.4,96,350,post,,,,
339,0,702977.7,264679.84,204170.73,167,376,post,1.0,,,
347,0,703408.6,270386.44,204763.0,76,335,post,,,,
349,6,702911.56,262849.3,205433.08,0,336,,,,,
350,5,703337.2,262939.9,205214.88,315,366,post,0.0412937639407868,0.7685495320706439,0.7685495320706439,0.0412937639407868
351,6,703375.94,266767.8,204480.1,21,274,,,,,
360,5,703667.75,266369.62,203060.03,231,328,,1.0,,,
365,6,703412.0,270512.66,204946.48,88,347,,,,,
366,0,703416.25,262827.5,205288.14,277,481,post,0.0137764215898769,0.7828468257858109,0.7828468257858109,0.0137764215898769
368,6,703458.1,264741.38,205162.81,95,373,,,,,
369,5,703539.2,268579.5,203944.9,146,271,,1.0,,,
371,0,703256.2,260819.1,205114.11,90,520,post,1.0,,,
373,0,703482.25,264631.88,205198.52,129,386,post,,,,
374,6,703673.75,272201.5,201813.64,73,389,,,,,
376,0,703252.75,264416.0,203929.83,296,396,pre,1.0,,,
386,5,703432.2,264443.03,205130.14,148,231,,1.0,,,
387,5,703577.75,268813.75,204081.1,272,369,,1.0,,,
388,6,703613.0,268751.12,203610.75,46,369,,,,,
389,0,703532.94,272131.66,201853.83,108,455,post,,,,
396,0,703344.6,264390.1,204001.08,352,412,"post,pre",0.744449374000024,0.2495611582031015,0.2495611582031015,1.0
404,0,703766.75,266034.03,203555.62,108,360,post,,,,
405,0,703392.3,263037.38,206169.28,99,435,post,,,,
411,0,703163.56,266541.6,205008.62,183,440,post,1.0,,,
412,0,703494.2,264222.44,203985.67,377,437,"post,pre",0.6752404735808355,0.3190508628688276,0.3190508628688276,0.6752404735808355
417,0,703405.8,273590.66,223151.67,246,441,pre,1.0,,,
419,6,703808.6,265951.2,203560.56,0,404,,,,,
421,0,703364.75,258605.98,206445.0,120,439,post,1.0,,,
426,0,704068.7,269931.7,204009.28,82,335,post,,,,
429,6,703494.75,265886.22,206098.11,99,475,,,,,
435,0,703670.9,263009.8,206066.36,223,438,post,1.0,,,
437,0,703724.2,264039.0,204192.4,439,449,post,0.636303516273346,0.3587240708632035,0.3587240708632035,0.636303516273346
438,5,703826.94,263058.66,205922.42,259,523,,1.0,,,
439,5,703762.9,258162.75,206512.47,216,542,,1.0,,,
440,5,703720.25,266276.7,204997.69,255,475,,1.0,,,
441,0,703559.94,273457.1,222630.38,462,457,pre,1.0,0.5625,0.5625,1.0
442,6,703702.94,265617.12,206690.66,189,478,,,,,
446,6,704320.44,258122.1,206891.9,50,439,,,,,
448,6,704166.4,269867.8,204014.34,65,426,,,,,
449,0,703785.9,263727.62,204165.56,484,509,post,0.5509268804897507,0.4441394548671924,0.4441394548671924,0.5509268804897507
455,0,704062.3,270988.97,202496.52,129,305,post,1.0,,,
457,0,703739.06,273523.2,222489.22,539,470,"post,pre",1.0,0.7660323462854264,0.7660323462854264,0.0571909584179366
461,6,704017.44,266251.97,203281.3,103,464,,,,,
464,0,704049.06,266311.56,203335.25,86,440,post,,,,
465,0,704404.25,263287.34,205602.97,70,438,post,,,,
470,0,703920.75,273591.78,222426.14,557,486,pre,0.2345344553802568,0.6538351526960307,0.6538351526960307,0.2345344553802568
475,5,703805.1,265994.16,205860.86,559,488,,1.0,,,
478,0,703923.5,265436.9,206631.56,167,532,post,,,,
479,6,704501.06,263202.62,205468.62,81,465,,,,,
481,5,704251.06,261978.17,204780.25,373,521,,-0.0130065534430865,0.8050081971467115,0.8050081971467115,-0.0130065534430865
483,6,703749.06,261921.03,204307.17,0,481,,,,,
486,0,704031.06,273556.3,222429.14,522,492,pre,0.1514718625761428,0.749091246319499,0.749091246319499,0.1514718625761428
488,0,704003.1,265906.3,205564.3,453,532,pre,1.0,,,
492,0,704158.7,273583.22,222412.64,498,522,pre,0.0776690157842228,0.8329801701198737,0.8329801701198737,0.0776690157842228
493,6,704174.8,264222.28,206396.58,161,600,post,,,,
495,6,704267.9,257049.88,206838.78,144,512,,,,,
508,0,704547.1,262915.12,205222.92,86,523,post,,,,
509,0,704308.06,263210.0,204181.77,189,510,post,0.475136118918522,0.5200970509114997,0.5200970509114997,0.475136118918522
510,0,704351.0,263108.0,204287.14,148,527,pre,0.40663389603607,0.5888028636624495,0.5888028636624495,0.40663389603607
512,5,704350.4,257127.06,206680.06,100,542,,1.0,,,
515,0,704724.0,256551.62,206744.11,175,512,post,,,,
520,0,703828.25,261028.06,205133.05,108,525,post,1.0,,,
521,5,704498.3,261988.16,204635.06,450,525,,0.1033835550863881,0.7463742202682414,0.7463742202682414,0.1033835550863881
522,0,704282.2,273480.7,222344.72,460,537,pre,0.010256681389213,0.908553437005996,0.908553437005996,0.010256681389213
523,5,704403.1,262784.34,205372.77,163,569,,1.0,,,
524,0,704709.75,269033.1,204397.58,138,387,post,,,,
525,5,704515.06,261764.83,204742.25,511,563,,0.1414964753206935,0.7112927144251794,0.7112927144251794,0.1414964753206935
527,0,704430.5,262907.88,204247.53,178,521,post,0.404032287122113,0.59200803621413,0.59200803621413,0.404032287122113
528,6,704595.75,263169.28,205275.94,0,508,,,,,
532,5,704447.25,265098.84,206225.38,406,600,,0.8861111111111111,0.086216636940285,0.086216636940285,1.0
534,6,704822.25,256507.78,206825.69,109,515,,,,,
536,6,704498.44,266104.72,202842.36,65,584,,,,,
537,0,704344.8,273401.62,222423.95,346,886,pre,-0.0523411400301709,0.9777611596820506,0.9777611596820506,-0.0523411400301709
539,6,704829.8,269036.62,204415.3,72,524,,,,,
542,5,704194.75,258143.12,206280.1,217,552,,1.0,,,
543,6,705125.0,258079.72,206581.39,105,552,,,,,
552,5,704700.7,258265.53,206346.2,366,564,,1.0,,,
563,0,704880.94,261438.64,204839.4,313,627,post,0.1286829898777188,0.7223035980320125,0.7223035980320125,0.1286829898777188
564,5,704755.1,259575.95,206207.92,249,628,post,1.0,,,
566,6,705099.7,260245.77,206740.75,58,564,,,,,
569,0,704707.06,262105.14,205427.92,106,602,post,1.0,,,
574,0,705165.7,264391.0,202745.42,87,593,post,,,,
577,6,705205.0,264228.8,202857.5,0,574,,,,,
584,0,704937.2,265699.2,202272.31,183,589,post,,,,
589,0,705049.9,265677.53,202281.1,100,593,post,1.0,,,
592,6,705179.4,276485.75,221759.88,109,631,,,,,
593,5,705193.3,265449.9,202431.58,160,660,,1.0,,,
599,0,705398.4,264625.84,206284.33,80,622,post,,,,
600,5,704825.3,264592.53,206089.47,237,622,,0.7783783783783784,0.1535323890479835,0.1535323890479835,1.0
602,0,705038.2,261853.6,205315.06,152,648,post,1.0,,,
607,6,705320.5,264519.44,206470.0,0,599,,,,,
610,6,705333.1,263533.25,206645.66,60,687,,,,,
612,5,705819.56,274332.2,219909.89,225,623,,1.0,,,
616,6,705470.1,261393.14,205945.86,27,634,,,,,
620,6,705552.1,261142.84,204353.4,77,628,,,,,
622,5,705184.06,264485.7,206154.38,263,677,,0.6743152327648265,0.2388129397137434,0.2388129397137434,1.0
623,5,705554.4,274369.6,220081.12,426,649,,1.0,,,
625,6,705764.9,274153.44,219402.45,44,630,,,,,
627,5,705509.75,260812.97,205153.6,344,689,,0.1345712379700103,0.719721497109503,0.719721497109503,0.1345712379700103
628,5,705344.44,260231.25,205300.03,166,627,,1.0,,,
630,5,705784.5,273862.28,219759.84,434,632,,,,,
631,0,705234.25,276375.47,221846.36,166,665,post,,,,
632,5,705556.56,274085.97,220140.34,188,667,,,,,
634,0,705312.7,261175.7,205806.62,167,648,post,,,,
639,6,705889.0,273898.97,219855.28,99,632,,,,,
645,6,705286.9,274395.38,219664.53,63,612,,,,,
648,5,705424.06,261213.75,205633.22,223,663,,1.0,,,
649,0,705492.0,274363.38,220481.89,305,889,post,1.0,,,
653,6,704953.25,274100.78,219961.31,51,623,post,,,,
656,6,705447.06,276645.25,220856.22,0,658,,,,,
658,0,705551.75,276641.5,220894.3,56,664,post,,,,
660,0,705501.25,265476.38,202701.31,103,723,post,1.0,,,
661,6,705609.2,273871.62,219471.56,0,630,,,,,
663,0,705640.5,261155.47,205708.03,122,689,post,1.0,,,
664,0,705723.4,276510.44,221352.1,173,678,post,1.0,,,
665,0,705536.94,276369.38,222085.38,337,678,pre,1.0,,,
667,0,705520.94,274203.66,220183.45,148,612,post,,,,
674,6,705810.44,262241.25,206082.08,60,786,post,,,,
675,6,705619.0,262333.94,207417.8,211,750,,,,,
677,0,705610.2,263835.38,206000.72,246,712,post,0.5766098025942744,0.3023980063409655,0.3023980063409655,1.0
678,5,705655.5,276210.62,222008.81,511,693,"post,pre",0.5669872981077807,0.3247595264191645,0.3247595264191645,1.0
680,6,705919.9,254477.7,207021.17,117,721,,,,,
687,0,705418.9,263743.88,206417.88,103,712,post,,,,
689,5,706047.4,260857.61,205772.25,449,758,,0.1844406454822208,0.6720341875395077,0.6720341875395077,0.1844406454822208
690,5,707239.25,261404.27,206512.4,342,758,,0.5005687861969272,0.3770047111494516,0.3770047111494516,0.5005687861969272
693,0,705795.25,276162.97,222045.94,543,719,pre,0.5050252531694166,0.3918550079075451,0.3918550079075451,0.5050252531694166
694,6,705834.7,276423.5,222144.33,100,719,pre,,,,
699,6,705897.0,261084.47,206732.86,67,716,,,,,
712,5,705931.0,263735.34,206188.3,331,788,post,0.4804951848618192,0.3829253628383489,0.3829253628383489,1.0
716,0,705976.2,261144.38,206708.77,106,717,post,,,,
717,0,706122.25,261138.3,206676.06,135,689,post,1.0,,,
719,5,706067.56,276137.22,221975.9,500,734,pre,0.4226497308103742,0.481125224324688,0.481125224324688,0.4226497308103742
721,5,706237.94,256899.38,207247.11,176,761,,1.0,,,
723,0,706084.6,265157.66,202795.88,90,858,post,1.0,,,
725,6,706221.9,255419.17,205658.39,51,876,,,,,
730,0,706485.8,257225.75,206793.44,72,721,post,1.0,,,
734,0,706177.56,276012.25,221926.53,473,770,pre,0.3611234350000601,0.5545803515624479,0.5545803515624479,0.3611234350000601
739,0,706530.7,258662.55,207021.02,189,769,post,1.0,,,
748,0,706688.94,257289.52,206385.42,117,730,post,,,,
749,5,706678.5,263039.66,206412.67,451,778,pre,0.3112579699144129,0.5017747661478112,0.5017747661478112,1.0
750,0,705754.2,262295.28,207321.12,209,765,post,,,,
758,5,706532.6,261061.6,205945.06,698,896,,0.2572953936815835,0.5978625276996872,0.5978625276996872,0.2572953936815835
761,5,706560.5,258345.48,207114.95,227,739,post,1.0,,,
764,5,706943.7,258225.14,207211.69,210,761,post,1.0,,,
765,0,705922.6,262335.9,207242.2,187,778,post,1.0,,,
768,6,706779.8,257279.34,206304.81,74,748,,,,,
769,5,706549.1,258742.8,207010.62,261,800,,1.0,,,
770,0,706298.44,275980.34,221849.86,393,863,"post,pre",0.2983232507652354,0.625661768067665,0.625661768067665,0.2983232507652354
774,6,706819.9,258690.97,205499.34,0,853,,,,,
776,6,706419.44,258270.23,205029.8,0,797,,,,,
777,5,706851.56,257612.25,204383.58,224,805,,1.0,,,
778,5,706500.56,262633.03,206656.22,433,690,,0.4536097785899915,0.4083673335074884,0.4083673335074884,0.4536097785899915
785,0,707117.6,263266.7,205954.3,130,788,post,,,,
786,0,706014.5,262765.8,206354.77,151,749,post,,,,
788,5,706693.4,263195.9,206392.31,474,749,,0.3877091976359947,0.455306813953815,0.455306813953815,1.0
790,6,707097.5,263213.62,205840.16,74,785,,,,,
794,6,706883.4,258436.61,207725.75,83,769,,,,,
795,6,706605.94,266887.0,205710.5,110,812,,,,,
797,0,706412.4,258119.1,204969.84,93,805,post,,,,
800,0,706629.7,259104.92,206592.44,107,857,post,1.0,,,
805,5,706642.94,257894.28,204667.72,284,843,post,1.0,,,
809,0,707100.6,258854.61,206015.28,95,857,post,,,,
810,6,706485.6,274214.34,224253.58,196,835,,,,,
812,0,706722.0,266785.94,205589.67,106,936,post,,,,
826,6,707113.9,257002.62,203820.6,46,777,,,,,
835,0,706692.9,274256.9,224223.48,236,873,post,,,,
836,0,707358.25,257948.39,207032.31,72,764,post,,,,
837,6,706897.94,258158.58,207197.05,0,764,post,,,,
843,0,706894.4,258072.78,204673.11,127,883,post,1.0,,,
853,5,706891.1,259109.5,204751.02,278,948,,1.0,,,
857,5,706840.06,259077.27,206320.5,298,950,,1.0,,,
858,5,707002.1,264780.47,203224.86,191,985,,1.0,,,
860,0,707202.9,274316.53,223084.4,146,890,post,1.0,,,
863,0,706886.6,275455.53,222282.47,403,889,pre,0.3238765962171868,0.6143019351498938,0.6143019351498938,0.3238765962171868
869,0,707440.8,273581.94,222235.73,124,940,post,,,,
873,0,707189.4,274337.66,223229.38,190,860,post,1.0,,,
876,0,707084.25,256300.19,205322.11,166,777,post,,,,
882,6,707455.8,258618.03,205854.03,82,809,,,,,
883,5,707194.44,258586.5,204862.06,252,853,,1.0,,,
885,0,707442.75,258586.69,205027.6,142,883,post,1.0,,,
886,0,706832.25,272965.06,222661.75,204,940,pre,-0.1111111111111111,1.0419379340277777,1.0419379340277777,-0.1111111111111111
888,0,707296.9,275072.22,222207.06,130,920,pre,,,,
889,5,706944.3,275356.44,222196.2,542,920,,0.453125,0.5037434895833333,0.5037434895833333,0.453125
890,0,707054.3,274525.84,222675.95,200,920,pre,1.0,,,
896,5,707186.06,261282.0,205556.11,727,985,,0.2919448986262628,0.5680676707487797,0.5680676707487797,0.2919448986262628
901,6,707084.1,257511.88,206176.53,0,1019,,,,,
902,6,707446.44,257862.55,207099.22,71,836,,,,,
911,6,707286.7,274927.47,222401.81,130,888,pre,,,,
915,6,707231.5,268049.72,205228.6,57,916,,,,,
916,0,707203.06,267909.25,205179.16,119,1043,post,,,,
920,5,707067.5,275076.03,222376.78,544,943,pre,0.4979338842975206,0.4624548037190082,0.4624548037190082,0.4979338842975206
925,6,707512.2,273649.03,222227.42,83,869,,,,,
926,6,707645.5,262896.1,205131.19,77,932,,,,,
932,0,707421.5,262857.16,205222.5,105,982,post,,,,
936,0,707237.1,266519.28,205597.6,113,1053,post,1.0,,,
940,5,707086.6,273049.1,222485.6,336,966,,-0.0234845681088819,0.9667353695082268,0.9667353695082268,-0.0234845681088819
941,0,708447.94,273523.66,222780.33,113,967,post,,,,
943,0,707165.3,275157.16,222430.06,566,976,pre,0.4701984383957022,0.49008943934342,0.49008943934342,0.4701984383957022
944,6,708219.06,275347.34,221638.8,0,953,,,,,
948,5,707582.2,260155.16,205033.4,342,896,,0.7370524498280804,0.2436458989467347,0.2436458989467347,1.0
950,5,707445.0,259662.94,205655.11,199,968,,1.0,,,
953,0,708146.2,275368.84,221702.36,118,976,post,,,,
958,0,707888.3,265091.4,203050.0,83,858,post,,,,
960,5,707873.56,257616.38,205019.95,197,969,,1.0,,,
963,0,707624.5,260050.8,205071.53,294,948,post,0.805398297835792,0.1755553984150635,0.1755553984150635,1.0
966,0,707164.9,272900.53,222578.0,386,981,pre,-0.042437986036824,0.9643060373763492,0.9643060373763492,-0.042437986036824
967,0,708225.1,273412.62,222833.69,166,981,post,1.0,,,
968,0,707570.4,259932.69,205257.62,162,963,pre,1.0,,,
969,0,707599.75,257919.86,205060.88,182,885,post,1.0,,,
976,5,707526.25,275167.66,222422.6,671,996,pre,0.4539629955246529,0.5078484552947699,0.5078484552947699,0.4539629955246529
981,5,707513.25,272959.47,222702.7,521,1017,pre,0.1184735461207707,0.8114245965406001,0.8114245965406001,0.1184735461207707
982,5,707450.4,263237.03,205350.97,195,1064,post,1.0,,,
985,5,707720.06,261923.12,204968.4,508,1095,post,0.2984453364003383,0.5603234265767012,0.5603234265767012,0.2984453364003383
993,0,707837.6,257550.61,204752.11,88,960,post,1.0,,,
996,0,707574.56,275140.44,222644.27,669,1014,pre,0.4302645539861222,0.5249844522014211,0.5249844522014211,0.4302645539861222
997,0,707846.1,257531.89,204509.38,90,993,post,,,,
998,6,707775.1,257471.28,204480.1,0,997,,,,,
1004,0,708198.44,264289.6,204498.48,125,982,post,1.0,,,
1005,6,708002.9,265255.25,202979.94,0,958,,,,,
1012,6,708231.0,258869.62,206391.48,114,950,post,,,,
1014,0,707681.94,275165.47,222757.52,602,1030,"post,pre",0.4078560726250556,0.5452648779696346,0.5452648779696346,0.4078560726250556
1015,5,708115.9,261327.62,204309.23,222,948,,1.0,,,
1017,0,707757.2,272710.47,222871.47,378,1026,pre,0.0898301856746232,0.8343346747664468,0.8343346747664468,0.0898301856746232
1018,0,708380.0,264341.8,204459.19,102,1004,post,1.0,,,
1019,0,707932.1,257551.92,205615.31,95,960,post,,,,
1020,0,708329.5,261413.69,207023.92,267,690,pre,,,,
1026,0,707898.9,272599.4,222917.5,337,1033,pre,0.0621305034184002,0.8612255078050292,0.8612255078050292,0.0621305034184002
1028,6,707679.3,261620.06,204234.12,78,1015,,,,,
1030,0,707976.4,275249.34,222749.67,467,1205,"post,pre",0.4106310415106941,0.5442190560380716,0.5442190560380716,0.4106310415106941
1032,0,708483.44,264436.88,204555.33,111,1018,post,,,,
1033,0,708012.25,272537.5,223061.8,409,1046,pre,0.0352853976394897,0.889353283754249,0.889353283754249,0.0352853976394897
1035,6,708597.1,273488.88,222767.23,51,941,,,,,
1043,5,708449.94,266751.12,205375.89,116,1053,,1.0,,,
1044,6,708037.1,272401.12,223153.47,204,1045,pre,,,,
1045,0,708282.5,272385.84,223051.23,193,1089,pre,,,,
1046,0,708201.8,272332.84,223176.19,444,1089,pre,0.0092183896306999,0.9175111010201104,0.9175111010201104,0.0092183896306999
1050,6,708112.7,265125.28,204457.0,101,1105,post,,,,
1053,5,708269.56,266505.6,205452.52,237,1104,,1.0,,,
1064,5,708349.2,263036.03,205758.14,327,1095,,0.5170453955993208,0.333917831948907,0.333917831948907,0.5170453955993208
1074,0,708843.1,262006.0,206097.64,134,1095,post,1.0,,,
1076,6,708384.6,262223.94,203958.9,97,1123,,,,,
1083,6,708866.6,267518.06,204852.45,59,1099,,,,,
1086,6,708812.4,264979.8,204257.94,37,1032,,,,,
1088,0,708753.25,267176.5,205100.31,93,1043,post,1.0,,,
1089,5,708322.0,272158.06,223183.56,360,1122,pre,0.0083179071147146,0.92244402470441,0.92244402470441,0.0083179071147146
1092,5,708925.7,262076.78,206196.03,173,1074,,1.0,,,
1095,5,708730.56,262187.47,205581.95,466,1295,,0.3100211314813563,0.5434628296567403,0.5434628296567403,0.3100211314813563
1099,0,708667.4,267392.0,204870.86,115,1088,post,,,,
1101,5,708882.06,261827.78,203982.1,160,1015,post,1.0,,,
1104,0,708387.44,266007.3,205417.55,311,1110,pre,1.0,,,
1105,0,708785.3,265494.88,204872.75,135,1111,post,,,,
1110,5,708650.75,265873.38,205417.9,395,1129,post,0.7484423525312737,0.2122517650517378,0.2122517650517378,1.0
1111,0,708925.75,265563.34,204934.95,141,1129,post,1.0,,,
1112,6,708495.5,264806.3,205402.58,81,1139,,,,,
1122,0,708452.94,272090.5,223200.08,309,1149,pre,-0.0181575799784552,0.9510965174416378,0.9510965174416378,-0.0181575799784552
1123,0,708479.7,262138.34,203996.98,73,1101,post,,,,
1129,5,708778.1,265653.97,205422.3,462,1139,pre,0.5757575757575757,0.3093434343434343,0.3093434343434343,1.0
1139,5,708790.5,265453.06,205535.81,459,1064,,0.5580582617584078,0.3432209564353106,0.3432209564353106,0.5580582617584078
1147,6,708921.9,260724.75,203215.66,99,1243,post,,,,
1149,0,709047.94,271891.75,223591.52,480,1161,pre,-0.0438214538605479,0.9788140034685278,0.9788140034685278,-0.0438214538605479
1161,0,709182.06,271800.12,223655.05,524,1163,pre,-0.06875,1.0056565523147585,1.0056565523147585,-0.06875
1163,0,709175.56,271681.25,223646.11,523,1166,pre,-0.093008081702357,1.031691037410961,1.031691037410961,-0.093008081702357
1166,0,709293.7,271534.5,223641.28,517,1193,pre,-0.1166513785587801,1.0569823203161144,1.0569823203161144,-0.1166513785587801
1168,0,709466.25,270660.4,223367.69,189,1193,"post,pre",,,,
1171,6,709443.6,262120.48,202576.03,45,1101,,,,,
1172,0,709697.94,261762.12,207057.64,114,1092,post,,,,
1184,6,709615.44,266104.0,205044.94,67,1110,,,,,
1189,6,709606.25,270445.7,223528.98,107,1168,,,,,
1193,5,709343.0,270971.16,223525.75,447,1206,,-0.0952380952380951,0.9941794607374402,0.9941794607374402,-0.0952380952380951
1196,6,709784.4,261701.45,207121.94,48,1172,,,,,
1197,6,709692.1,261429.61,205539.11,0,1216,,,,,
1205,0,709482.5,274690.16,222736.66,460,1229,pre,0.4132638709226098,0.5439373700960235,0.5439373700960235,0.4132638709226098
1206,0,709488.8,270524.16,223434.1,415,1211,pre,-0.1034482758620689,0.9943782969605116,0.9943782969605116,-0.1034482758620689
1207,6,709981.75,258944.56,207892.53,59,1020,,,,,
1211,0,709601.9,270409.78,223391.61,418,1219,pre,-0.1226827987756233,1.010536109962555,1.010536109962555,-0.1226827987756233
1216,5,709879.06,260585.86,206070.12,290,1095,,1.0,,,
1219,0,709678.3,270276.2,223378.67,448,1228,pre,-0.1415587739007824,1.0291678087852614,1.0291678087852614,-0.1415587739007824
1228,0,709771.2,270193.44,223327.39,440,1239,pre,-0.1600970628841795,1.048768233604154,1.048768233604154,-0.1600970628841795
1229,0,709629.3,274366.53,222850.36,589,1238,"post,pre",0.3952568431852364,0.56297864987673,0.56297864987673,0.3952568431852364
1238,0,709795.94,274357.88,222891.02,578,1241,pre,0.3990525094992434,0.5616950485531123,0.5616950485531123,0.3990525094992434
1239,0,709872.4,270070.56,223385.66,419,1267,pre,-0.178316490619611,1.0686200558969627,1.0686200558969627,-0.178316490619611
1241,0,709992.75,274323.44,222862.95,564,1251,pre,0.3829568998035876,0.5788856328659868,0.5788856328659868,0.3829568998035876
1243,0,710103.4,259510.06,204435.56,186,1216,post,,,,
1249,6,709971.8,261951.67,207088.17,90,1092,,,,,
1250,0,710107.94,274184.44,222970.38,447,1274,pre,0.3523742558080232,0.6115161946341433,0.6115161946341433,0.3523742558080232
1251,0,710076.0,274267.8,222928.52,502,1250,pre,0.3674148457032011,0.5954803870584997,0.5954803870584997,0.3674148457032011
1260,0,710793.06,269176.56,223387.4,397,1269,pre,0.1693692471168312,0.76844370340198,0.76844370340198,0.1693692471168312
1265,0,711109.7,269963.84,222792.08,465,1268,"post,pre",0.3001913408172184,0.6508097856512255,0.6508097856512255,0.3001913408172184
1266,5,710805.56,269684.16,223144.53,552,1260,,0.1726585906630282,0.7644912843561964,0.7644912843561964,0.1726585906630282
1267,0,710255.5,269790.5,223446.8,321,1266,pre,-0.1962341187649461,1.0883874673958212,1.0883874673958212,-0.1962341187649461
1268,0,711098.8,269842.6,222856.88,490,1266,pre,0.3064914261439629,0.6462589165071053,0.6462589165071053,0.3064914261439629
1269,0,710739.06,268873.7,223619.56,522,1293,pre,0.1643364419587557,0.7740121451101993,0.7740121451101993,0.1643364419587557
1274,0,710785.5,273734.56,223355.75,289,1281,post,0.3377902604684565,0.6270345866193824,0.6270345866193824,0.3377902604684565
1275,0,711056.25,270075.03,222776.5,364,1265,"post,pre",0.2934328754822544,0.6558089894554833,0.6558089894554833,0.2934328754822544
1276,0,711267.94,270226.94,222987.0,255,1275,post,0.2981593702380557,0.650328714184469,0.650328714184469,0.2981593702380557
1280,6,711216.44,268351.12,223550.27,113,1284,pre,,,,
1281,5,711285.2,273329.2,222979.12,540,1324,pre,0.3793522413926165,0.5891740368065586,0.5891740368065586,0.3793522413926165
1284,0,711299.9,268409.47,223653.58,126,1293,post,,,,
1289,0,711781.75,273185.6,222353.42,164,1281,post,1.0,,,
1293,5,711223.5,268360.88,223836.42,527,1307,,0.1595313173388963,0.7802496126135626,0.7802496126135626,0.1595313173388963
1295,5,711366.1,262724.62,205624.53,353,1531,,0.3815288345221672,0.5349686836273292,0.5349686836273292,0.3815288345221672
1302,0,711635.1,270576.78,223136.19,314,1276,post,0.3027833112216037,0.6454328495905594,0.6454328495905594,0.3027833112216037
1307,0,711346.6,267978.25,223732.92,481,1330,pre,0.1565188847845553,0.7839044031423356,0.7839044031423356,0.1565188847845553
1309,0,711750.9,270767.38,223014.86,530,1302,pre,0.312418493050741,0.6369854110061791,0.6369854110061791,0.312418493050741
1311,5,711717.06,271172.2,222887.86,705,1319,pre,0.3448615801173395,0.6170706403281085,0.6170706403281085,0.3448615801173395
1314,5,711842.6,271268.03,223009.44,636,1311,,0.3547879198125313,0.6095105291346347,0.6095105291346347,0.3547879198125313
1315,6,711079.9,271414.4,222534.89,154,1311,,,,,
1316,0,711536.3,271532.8,223885.72,442,1314,"post,pre",0.355397742880763,0.6129568929377375,0.6129568929377375,0.355397742880763
1317,0,712246.1,271152.6,222167.9,326,1314,pre,1.0,,,
1319,0,711702.94,271058.97,222951.98,645,1309,pre,0.3222409883426131,0.6306641256738087,0.6306641256738087,0.3222409883426131
1324,0,711430.06,271679.84,223874.33,452,1316,pre,0.3672192110501179,0.6009390683636375,0.6009390683636375,0.3672192110501179
1330,0,711454.75,267934.62,223727.98,420,1340,pre,0.151754726796175,0.7891733499781334,0.7891733499781334,0.151754726796175
1332,0,712492.0,271232.84,221837.86,83,1317,post,,,,
1333,6,712202.4,266781.22,222866.27,77,1339,,,,,
1337,5,712330.4,266996.47,223166.08,528,1343,pre,0.1383209269770419,0.7914660694208104,0.7914660694208104,0.1383209269770419
1338,6,712399.9,267247.94,223640.06,0,1337,,,,,
1339,0,712204.7,266772.75,222889.92,200,1341,"post,pre",,,,
1340,0,712155.94,267639.0,223348.81,398,1341,pre,0.1470201949491006,0.7944019230544803,0.7944019230544803,0.1470201949491006
1341,5,712254.44,267158.94,223100.83,499,1337,pre,0.1428679090743272,0.7882764601011597,0.7882764601011597,0.1428679090743272
1343,0,712346.9,266846.06,223284.66,582,1355,pre,0.1259260792073644,0.7993154118652824,0.7993154118652824,0.1259260792073644
1346,6,712464.3,271348.6,221820.14,102,1332,,,,,
1348,0,712532.56,261288.16,205688.52,295,1295,pre,0.1268608022380652,0.8023807633657827,0.8023807633657827,0.1268608022380652
1355,0,712364.25,266538.9,223579.36,623,1361,post,0.1214624023399549,0.802154600335939,0.802154600335939,0.1214624023399549
1361,0,712525.9,266434.34,223646.94,548,1362,pre,0.124168041708513,0.7995687640568295,0.7995687640568295,0.124168041708513
1362,0,712510.0,266491.62,223799.98,557,1364,post,0.1198707452454566,0.8039203875789539,0.8039203875789539,0.1198707452454566
1364,0,712625.7,266525.78,223839.06,516,1592,post,0.1224523148780214,0.8022455481301164,0.8022455481301164,0.1224523148780214
1385,6,712884.44,273480.22,221955.62,0,1426,,,,,
1407,0,713330.56,273456.0,221758.28,549,1289,post,1.0,,,
1426,0,713017.94,273176.34,221820.9,216,1407,post,,,,
1435,0,713936.6,258202.31,206360.03,323,1348,pre,0.1305105622271962,0.7981957977775522,0.7981957977775522,0.1305105622271962
1453,6,714310.7,265552.94,217135.05,91,1456,,,,,
1454,5,714508.75,266030.38,217172.66,260,1467,,0.3721148870362533,0.5439156595778463,0.5439156595778463,0.3721148870362533
1456,0,714350.9,265661.66,217116.66,93,1454,post,,,,
1457,0,714517.44,266074.2,216999.44,227,1454,post,0.3744034883978306,0.5414662480836879,0.5414662480836879,0.3744034883978306
1467,0,714592.4,266174.66,217438.34,207,1545,post,0.3698398473054998,0.5453490994771872,0.5453490994771872,0.3698398473054998
1497,0,714706.75,257798.8,223331.06,310,1435,post,0.1288025800651214,0.7989190326409208,0.7989190326409208,0.1288025800651214
1519,0,714981.7,264999.66,213179.55,280,1457,post,0.3767986013820849,0.5390205262181724,0.5390205262181724,0.3767986013820849
1531,0,715182.25,264995.12,212848.3,225,1519,post,0.3792035051858556,0.5367621257532015,0.5367621257532015,0.3792035051858556
1545,0,715287.8,266581.06,221974.28,112,1682,post,0.3674730684717402,0.5474131156744064,0.5474131156744064,0.3674730684717402
1568,0,715742.3,257880.83,226545.47,308,1497,post,0.1269005844654133,0.7998122120025654,0.7998122120025654,0.1269005844654133
1592,0,715906.25,257974.47,226667.67,305,1568,post,0.1247894121498991,0.8009048630922158,0.8009048630922158,0.1247894121498991
1682,0,716693.94,269835.2,228643.19,271,1879,post,0.3651156654879851,0.5497421381070982,0.5497421381070982,0.3651156654879851
1879,0,726457.9,278497.28,236565.69,152,1,post,0.3627675392232525,0.5521976936155077,0.5521976936155077,0.3627675392232525
